trip_id,pickup_datetime,dropoff_datetime,passenger_count,trip_distance,fare_amount,tip_amount,tolls_amount,total_amount,payment_type,pickup_location,dropoff_location
TRIP0000,2024-01-01 00:00:00,2024-01-01 00:43:00,2,8.11,25.25,2.39,5.0,32.64,Credit Card,Suburb,Airport
TRIP0001,2024-01-01 01:00:00,2024-01-01 01:56:00,1,2.31,7.19,1.37,5.0,13.56,Credit Card,Mall,Downtown
TRIP0002,2024-01-01 02:00:00,2024-01-01 02:33:00,1,2.47,7.69,1.48,2.5,11.67,App Payment,Airport,Mall
TRIP0003,2024-01-01 03:00:00,2024-01-01 03:19:00,4,2.98,9.28,1.33,0.0,10.61,Credit Card,Airport,Mall
TRIP0004,2024-01-01 04:00:00,2024-01-01 04:47:00,2,16.97,52.83,8.85,0.0,61.68,App Payment,Mall,Airport
TRIP0005,2024-01-01 05:00:00,2024-01-01 05:12:00,1,18.3,56.97,8.08,0.0,65.05,Cash,Airport,University
TRIP0006,2024-01-01 06:00:00,2024-01-01 06:25:00,1,3.33,10.37,1.27,0.0,11.639999999999999,App Payment,University,Downtown
TRIP0007,2024-01-01 07:00:00,2024-01-01 07:43:00,1,5.48,17.06,2.54,2.5,22.099999999999998,Cash,Downtown,Mall
TRIP0008,2024-01-01 08:00:00,2024-01-01 08:23:00,2,4.14,12.89,1.71,0.0,14.600000000000001,Credit Card,Suburb,Mall
TRIP0009,2024-01-01 09:00:00,2024-01-01 09:27:00,1,4.54,14.13,1.97,0.0,16.1,Cash,Downtown,University
TRIP0010,2024-01-01 10:00:00,2024-01-01 10:15:00,1,16.91,52.64,8.82,0.0,61.46,Credit Card,Suburb,Airport
TRIP0011,2024-01-01 11:00:00,2024-01-01 11:15:00,1,7.31,22.76,2.78,0.0,25.540000000000003,Credit Card,University,Downtown
TRIP0012,2024-01-01 12:00:00,2024-01-01 12:28:00,1,6.92,21.54,1.21,2.5,25.25,App Payment,Airport,Airport
TRIP0013,2024-01-01 13:00:00,2024-01-01 13:57:00,2,5.32,16.56,1.24,0.0,17.799999999999997,Credit Card,Mall,Airport
TRIP0014,2024-01-01 14:00:00,2024-01-01 14:40:00,1,12.55,39.07,4.52,0.0,43.59,Credit Card,University,Downtown
TRIP0015,2024-01-01 15:00:00,2024-01-01 15:44:00,3,8.21,25.56,4.06,5.0,34.62,Cash,Downtown,Downtown
TRIP0016,2024-01-01 16:00:00,2024-01-01 16:28:00,1,15.14,47.13,6.55,0.0,53.68,App Payment,Mall,Mall
TRIP0017,2024-01-01 17:00:00,2024-01-01 17:07:00,1,4.91,15.28,2.25,0.0,17.53,Cash,Airport,Mall
TRIP0018,2024-01-01 18:00:00,2024-01-01 18:26:00,1,15.97,49.71,6.06,0.0,55.77,Credit Card,University,Downtown
TRIP0019,2024-01-01 19:00:00,2024-01-01 19:57:00,1,12.47,38.82,5.53,0.0,44.35,Cash,Mall,Suburb
TRIP0020,2024-01-01 20:00:00,2024-01-01 20:06:00,3,3.17,9.87,0.98,0.0,10.85,Credit Card,University,Mall
TRIP0021,2024-01-01 21:00:00,2024-01-01 21:28:00,2,8.88,27.64,3.33,5.0,35.97,Cash,University,Suburb
TRIP0022,2024-01-01 22:00:00,2024-01-01 22:48:00,1,17.41,54.2,8.76,0.0,62.96,App Payment,Airport,Downtown
TRIP0023,2024-01-01 23:00:00,2024-01-01 23:34:00,2,18.54,57.71,10.43,2.5,70.64,Cash,Suburb,Mall
TRIP0024,2024-01-02 00:00:00,2024-01-02 00:42:00,1,9.85,30.66,3.53,0.0,34.19,App Payment,Mall,Airport
TRIP0025,2024-01-02 01:00:00,2024-01-02 01:06:00,2,10.14,31.57,1.79,0.0,33.36,Credit Card,Airport,Downtown
TRIP0026,2024-01-02 02:00:00,2024-01-02 02:25:00,1,18.45,57.43,4.26,0.0,61.69,Cash,University,University
TRIP0027,2024-01-02 03:00:00,2024-01-02 03:37:00,1,12.15,37.82,2.01,0.0,39.83,App Payment,Airport,Suburb
TRIP0028,2024-01-02 04:00:00,2024-01-02 04:16:00,1,1.62,5.04,0.75,0.0,5.79,Credit Card,Suburb,Downtown
TRIP0029,2024-01-02 05:00:00,2024-01-02 05:26:00,1,18.34,57.09,5.7,2.5,65.29,App Payment,Mall,Downtown
TRIP0030,2024-01-02 06:00:00,2024-01-02 06:48:00,1,5.72,17.81,2.34,0.0,20.15,Credit Card,Suburb,Mall
TRIP0031,2024-01-02 07:00:00,2024-01-02 07:29:00,1,11.98,37.29,4.62,0.0,41.91,Cash,Downtown,Mall
TRIP0032,2024-01-02 08:00:00,2024-01-02 08:53:00,1,4.14,12.89,0.8,0.0,13.690000000000001,App Payment,Mall,Mall
TRIP0033,2024-01-02 09:00:00,2024-01-02 09:31:00,1,1.64,5.11,0.56,0.0,5.67,Cash,Suburb,University
TRIP0034,2024-01-02 10:00:00,2024-01-02 10:46:00,4,6.92,21.54,1.79,0.0,23.33,Credit Card,University,Mall
TRIP0035,2024-01-02 11:00:00,2024-01-02 11:32:00,1,15.83,49.28,5.56,0.0,54.84,Cash,Mall,Downtown
TRIP0036,2024-01-02 12:00:00,2024-01-02 12:20:00,1,6.27,19.52,1.57,0.0,21.09,Cash,Mall,Mall
TRIP0037,2024-01-02 13:00:00,2024-01-02 13:19:00,2,5.18,16.13,2.84,0.0,18.97,App Payment,Airport,Airport
TRIP0038,2024-01-02 14:00:00,2024-01-02 14:51:00,3,5.04,15.69,1.19,0.0,16.88,Credit Card,University,Mall
TRIP0039,2024-01-02 15:00:00,2024-01-02 15:55:00,1,10.79,33.59,6.52,0.0,40.11,Credit Card,Downtown,University
TRIP0040,2024-01-02 16:00:00,2024-01-02 16:48:00,1,19.54,60.83,6.84,0.0,67.67,Cash,Suburb,Airport
TRIP0041,2024-01-02 17:00:00,2024-01-02 17:59:00,2,9.72,30.26,5.35,0.0,35.61,Credit Card,Airport,Downtown
TRIP0042,2024-01-02 18:00:00,2024-01-02 18:56:00,1,11.59,36.08,5.21,2.5,43.79,Cash,Suburb,Downtown
TRIP0043,2024-01-02 19:00:00,2024-01-02 19:07:00,3,17.35,54.01,8.66,0.0,62.67,Cash,Downtown,Suburb
TRIP0044,2024-01-02 20:00:00,2024-01-02 20:41:00,3,11.17,34.77,5.74,0.0,40.510000000000005,App Payment,Downtown,Airport
TRIP0045,2024-01-02 21:00:00,2024-01-02 21:55:00,1,4.5,14.01,1.76,0.0,15.77,Cash,Mall,Suburb
TRIP0046,2024-01-02 22:00:00,2024-01-02 22:11:00,1,6.69,20.83,2.74,5.0,28.57,Cash,Downtown,Airport
TRIP0047,2024-01-02 23:00:00,2024-01-02 23:25:00,3,6.89,21.45,2.73,0.0,24.18,Credit Card,Suburb,Airport
TRIP0048,2024-01-03 00:00:00,2024-01-03 00:13:00,1,8.55,26.62,3.68,0.0,30.3,Credit Card,University,University
TRIP0049,2024-01-03 01:00:00,2024-01-03 01:43:00,1,9.11,28.36,1.54,2.5,32.4,Credit Card,University,Suburb
TRIP0050,2024-01-03 02:00:00,2024-01-03 02:22:00,2,16.2,50.43,5.51,0.0,55.94,Credit Card,Mall,University
TRIP0051,2024-01-03 03:00:00,2024-01-03 03:08:00,2,7.64,23.78,3.35,0.0,27.130000000000003,Cash,Suburb,Airport
TRIP0052,2024-01-03 04:00:00,2024-01-03 04:29:00,3,9.9,30.82,4.3,0.0,35.12,Cash,Suburb,Downtown
TRIP0053,2024-01-03 05:00:00,2024-01-03 05:18:00,3,12.87,40.06,6.77,0.0,46.83,Cash,Downtown,Airport
TRIP0054,2024-01-03 06:00:00,2024-01-03 06:54:00,3,8.18,25.46,3.77,5.0,34.230000000000004,App Payment,Suburb,University
TRIP0055,2024-01-03 07:00:00,2024-01-03 07:13:00,2,16.89,52.58,10.45,0.0,63.03,App Payment,Airport,Suburb
TRIP0056,2024-01-03 08:00:00,2024-01-03 08:30:00,3,12.16,37.85,3.5,0.0,41.35,App Payment,Downtown,Suburb
TRIP0057,2024-01-03 09:00:00,2024-01-03 09:57:00,2,6.59,20.51,2.13,0.0,22.64,Cash,Airport,University
TRIP0058,2024-01-03 10:00:00,2024-01-03 10:06:00,1,14.57,45.36,4.88,0.0,50.24,Cash,Mall,Suburb
TRIP0059,2024-01-03 11:00:00,2024-01-03 11:24:00,1,11.03,34.34,4.12,0.0,38.46,Credit Card,University,Mall
TRIP0060,2024-01-03 12:00:00,2024-01-03 12:32:00,3,11.15,34.71,6.09,0.0,40.8,Credit Card,Mall,Downtown
TRIP0061,2024-01-03 13:00:00,2024-01-03 13:51:00,3,10.14,31.57,2.7,0.0,34.27,Credit Card,University,Downtown
TRIP0062,2024-01-03 14:00:00,2024-01-03 14:11:00,2,10.44,32.5,5.41,0.0,37.91,App Payment,Mall,Downtown
TRIP0063,2024-01-03 15:00:00,2024-01-03 15:48:00,3,15.54,48.38,5.36,0.0,53.74,App Payment,Suburb,Suburb
TRIP0064,2024-01-03 16:00:00,2024-01-03 16:12:00,2,2.96,9.21,1.29,0.0,10.5,Credit Card,Airport,Suburb
TRIP0065,2024-01-03 17:00:00,2024-01-03 17:51:00,1,7.35,22.88,3.31,0.0,26.189999999999998,Credit Card,University,Airport
TRIP0066,2024-01-03 18:00:00,2024-01-03 18:39:00,1,2.43,7.56,0.8,0.0,8.36,App Payment,Downtown,Airport
TRIP0067,2024-01-03 19:00:00,2024-01-03 19:18:00,1,15.31,47.66,6.05,5.0,58.709999999999994,Credit Card,Airport,Downtown
TRIP0068,2024-01-03 20:00:00,2024-01-03 20:21:00,1,6.17,19.21,2.15,0.0,21.36,Credit Card,Downtown,Mall
TRIP0069,2024-01-03 21:00:00,2024-01-03 21:40:00,1,18.05,56.19,3.39,0.0,59.58,App Payment,Airport,Airport
TRIP0070,2024-01-03 22:00:00,2024-01-03 22:54:00,2,11.0,34.24,3.96,0.0,38.2,Credit Card,Airport,Airport
TRIP0071,2024-01-03 23:00:00,2024-01-03 23:44:00,1,16.21,50.46,3.26,0.0,53.72,Credit Card,Mall,Suburb
TRIP0072,2024-01-04 00:00:00,2024-01-04 00:08:00,2,19.6,61.01,6.76,0.0,67.77,Cash,University,Mall
TRIP0073,2024-01-04 01:00:00,2024-01-04 01:06:00,1,16.96,52.8,7.34,0.0,60.14,App Payment,University,Downtown
TRIP0074,2024-01-04 02:00:00,2024-01-04 02:10:00,2,17.47,54.38,7.45,0.0,61.830000000000005,Cash,Airport,Airport
TRIP0075,2024-01-04 03:00:00,2024-01-04 03:58:00,1,8.75,27.24,4.07,0.0,31.31,Credit Card,Suburb,Mall
TRIP0076,2024-01-04 04:00:00,2024-01-04 04:46:00,1,11.48,35.74,2.3,0.0,38.04,Credit Card,Suburb,Mall
TRIP0077,2024-01-04 05:00:00,2024-01-04 05:08:00,1,5.82,18.12,2.68,0.0,20.8,Credit Card,Downtown,Downtown
TRIP0078,2024-01-04 06:00:00,2024-01-04 06:58:00,2,4.73,14.72,1.43,0.0,16.150000000000002,Cash,Downtown,Mall
TRIP0079,2024-01-04 07:00:00,2024-01-04 07:33:00,1,10.6,33.0,3.63,2.5,39.13,Cash,Mall,Mall
TRIP0080,2024-01-04 08:00:00,2024-01-04 08:22:00,3,12.31,38.32,6.85,0.0,45.17,Credit Card,Airport,Mall
TRIP0081,2024-01-04 09:00:00,2024-01-04 09:30:00,1,7.45,23.19,1.19,0.0,24.380000000000003,App Payment,Downtown,Airport
TRIP0082,2024-01-04 10:00:00,2024-01-04 10:48:00,1,11.82,36.8,5.09,0.0,41.89,Credit Card,Downtown,Downtown
TRIP0083,2024-01-04 11:00:00,2024-01-04 11:38:00,4,17.86,55.6,7.77,2.5,65.87,Credit Card,Airport,Mall
TRIP0084,2024-01-04 12:00:00,2024-01-04 12:14:00,1,11.58,36.05,3.95,0.0,40.0,Credit Card,Mall,Mall
TRIP0085,2024-01-04 13:00:00,2024-01-04 13:40:00,1,14.7,45.76,3.91,2.5,52.17,Credit Card,Downtown,Airport
TRIP0086,2024-01-04 14:00:00,2024-01-04 14:18:00,1,16.3,50.74,4.32,0.0,55.06,Cash,Mall,Downtown
TRIP0087,2024-01-04 15:00:00,2024-01-04 15:35:00,1,19.79,61.61,11.25,0.0,72.86,Cash,University,Suburb
TRIP0088,2024-01-04 16:00:00,2024-01-04 16:52:00,2,12.46,38.79,4.51,2.5,45.8,Credit Card,Mall,Airport
TRIP0089,2024-01-04 17:00:00,2024-01-04 17:19:00,1,16.33,50.83,5.06,0.0,55.89,Cash,Suburb,Downtown
TRIP0090,2024-01-04 18:00:00,2024-01-04 18:12:00,1,19.29,60.05,7.04,0.0,67.09,Credit Card,Suburb,Mall
TRIP0091,2024-01-04 19:00:00,2024-01-04 19:18:00,1,18.94,58.96,8.87,0.0,67.83,Cash,Mall,Downtown
TRIP0092,2024-01-04 20:00:00,2024-01-04 20:27:00,3,3.68,11.46,0.82,2.5,14.780000000000001,App Payment,Suburb,Downtown
TRIP0093,2024-01-04 21:00:00,2024-01-04 21:44:00,1,8.72,27.14,3.19,0.0,30.330000000000002,Credit Card,University,Downtown
TRIP0094,2024-01-04 22:00:00,2024-01-04 22:25:00,1,7.16,22.29,3.08,0.0,25.369999999999997,Cash,Airport,Suburb
TRIP0095,2024-01-04 23:00:00,2024-01-04 23:20:00,2,2.65,8.25,1.59,0.0,9.84,Credit Card,Suburb,Downtown
TRIP0096,2024-01-05 00:00:00,2024-01-05 00:49:00,2,13.03,40.56,3.56,0.0,44.120000000000005,Credit Card,Suburb,Suburb
TRIP0097,2024-01-05 01:00:00,2024-01-05 01:22:00,1,14.98,46.63,4.84,0.0,51.47,Credit Card,Mall,Mall
TRIP0098,2024-01-05 02:00:00,2024-01-05 02:51:00,1,17.11,53.26,5.69,2.5,61.449999999999996,Cash,University,Suburb
TRIP0099,2024-01-05 03:00:00,2024-01-05 03:57:00,1,3.33,10.37,1.46,2.5,14.329999999999998,Cash,Airport,Mall
TRIP0100,2024-01-05 04:00:00,2024-01-05 04:28:00,1,17.65,54.94,5.69,2.5,63.129999999999995,Credit Card,Mall,Mall
TRIP0101,2024-01-05 05:00:00,2024-01-05 05:30:00,1,13.22,41.15,5.35,0.0,46.5,App Payment,Mall,Suburb
TRIP0102,2024-01-05 06:00:00,2024-01-05 06:29:00,1,14.37,44.73,7.48,0.0,52.209999999999994,Cash,University,Airport
TRIP0103,2024-01-05 07:00:00,2024-01-05 07:49:00,1,18.3,56.97,8.88,0.0,65.85,App Payment,Airport,University
TRIP0104,2024-01-05 08:00:00,2024-01-05 08:45:00,1,12.87,40.06,4.69,0.0,44.75,Cash,University,Downtown
TRIP0105,2024-01-05 09:00:00,2024-01-05 09:33:00,4,7.38,22.97,4.13,0.0,27.099999999999998,Cash,Airport,University
TRIP0106,2024-01-05 10:00:00,2024-01-05 10:19:00,3,16.68,51.92,6.94,2.5,61.36,Credit Card,University,Downtown
TRIP0107,2024-01-05 11:00:00,2024-01-05 11:49:00,1,7.9,24.59,3.22,0.0,27.81,Credit Card,Mall,Downtown
TRIP0108,2024-01-05 12:00:00,2024-01-05 12:05:00,4,1.65,5.14,0.28,0.0,5.42,App Payment,Mall,Mall
TRIP0109,2024-01-05 13:00:00,2024-01-05 13:29:00,2,16.78,52.24,10.34,0.0,62.58,Credit Card,Downtown,Downtown
TRIP0110,2024-01-05 14:00:00,2024-01-05 14:11:00,1,7.56,23.53,1.61,0.0,25.14,App Payment,Suburb,Downtown
TRIP0111,2024-01-05 15:00:00,2024-01-05 15:13:00,1,15.7,48.87,4.14,0.0,53.01,Cash,University,Suburb
TRIP0112,2024-01-05 16:00:00,2024-01-05 16:28:00,1,7.89,24.56,1.42,0.0,25.979999999999997,Credit Card,Downtown,University
TRIP0113,2024-01-05 17:00:00,2024-01-05 17:05:00,1,17.36,54.04,7.89,0.0,61.93,Credit Card,Suburb,Suburb
TRIP0114,2024-01-05 18:00:00,2024-01-05 18:48:00,2,5.17,16.09,1.35,0.0,17.44,Credit Card,University,Downtown
TRIP0115,2024-01-05 19:00:00,2024-01-05 19:12:00,1,19.52,60.76,4.68,0.0,65.44,App Payment,Airport,Mall
TRIP0116,2024-01-05 20:00:00,2024-01-05 20:28:00,1,15.82,49.25,3.12,0.0,52.37,Credit Card,Suburb,Suburb
TRIP0117,2024-01-05 21:00:00,2024-01-05 21:15:00,3,3.17,9.87,0.65,0.0,10.52,Credit Card,Mall,Suburb
TRIP0118,2024-01-05 22:00:00,2024-01-05 22:55:00,2,11.75,36.58,5.04,0.0,41.62,Credit Card,Downtown,Airport
TRIP0119,2024-01-05 23:00:00,2024-01-05 23:21:00,1,19.72,61.39,9.41,0.0,70.8,Credit Card,Suburb,Downtown
TRIP0120,2024-01-06 00:00:00,2024-01-06 00:12:00,3,9.95,30.97,3.39,0.0,34.36,Credit Card,Suburb,Mall
TRIP0121,2024-01-06 01:00:00,2024-01-06 01:39:00,4,4.46,13.88,1.69,0.0,15.57,Credit Card,Mall,Suburb
TRIP0122,2024-01-06 02:00:00,2024-01-06 02:39:00,4,10.21,31.78,4.86,0.0,36.64,App Payment,University,Suburb
TRIP0123,2024-01-06 03:00:00,2024-01-06 03:37:00,1,10.74,33.43,1.76,2.5,37.69,Credit Card,Airport,Mall
TRIP0124,2024-01-06 04:00:00,2024-01-06 04:09:00,2,15.09,46.97,4.63,0.0,51.6,Credit Card,Mall,Downtown
TRIP0125,2024-01-06 05:00:00,2024-01-06 05:46:00,1,14.28,44.45,8.71,0.0,53.160000000000004,Credit Card,Airport,Airport
TRIP0126,2024-01-06 06:00:00,2024-01-06 06:43:00,2,8.65,26.93,3.69,0.0,30.62,Credit Card,University,Suburb
TRIP0127,2024-01-06 07:00:00,2024-01-06 07:45:00,4,5.14,16.0,1.41,0.0,17.41,App Payment,Suburb,Airport
TRIP0128,2024-01-06 08:00:00,2024-01-06 08:32:00,2,13.26,41.28,5.29,0.0,46.57,Cash,Airport,University
TRIP0129,2024-01-06 09:00:00,2024-01-06 09:11:00,3,9.01,28.05,2.84,0.0,30.89,Credit Card,Downtown,Downtown
TRIP0130,2024-01-06 10:00:00,2024-01-06 10:13:00,3,3.51,10.93,1.42,0.0,12.35,Cash,Downtown,University
TRIP0131,2024-01-06 11:00:00,2024-01-06 11:12:00,3,18.11,56.38,3.88,0.0,60.260000000000005,Credit Card,Mall,University
TRIP0132,2024-01-06 12:00:00,2024-01-06 12:16:00,1,14.13,43.99,3.08,0.0,47.07,Credit Card,University,University
TRIP0133,2024-01-06 13:00:00,2024-01-06 13:38:00,1,13.98,43.52,3.11,0.0,46.63,App Payment,Mall,Downtown
TRIP0134,2024-01-06 14:00:00,2024-01-06 14:37:00,1,16.63,51.77,9.89,0.0,61.660000000000004,Cash,Mall,Downtown
TRIP0135,2024-01-06 15:00:00,2024-01-06 15:52:00,3,11.06,34.43,5.51,0.0,39.94,App Payment,Mall,Mall
TRIP0136,2024-01-06 16:00:00,2024-01-06 16:59:00,1,16.49,51.33,3.82,0.0,55.15,Credit Card,Downtown,Airport
TRIP0137,2024-01-06 17:00:00,2024-01-06 17:27:00,1,10.46,32.56,2.55,0.0,35.11,Cash,Downtown,Airport
TRIP0138,2024-01-06 18:00:00,2024-01-06 18:28:00,1,2.28,7.1,1.13,0.0,8.23,Credit Card,Mall,Mall
TRIP0139,2024-01-06 19:00:00,2024-01-06 19:41:00,1,8.7,27.08,1.99,5.0,34.06999999999999,Credit Card,Downtown,Mall
TRIP0140,2024-01-06 20:00:00,2024-01-06 20:39:00,3,10.45,32.53,2.77,0.0,35.300000000000004,App Payment,University,University
TRIP0141,2024-01-06 21:00:00,2024-01-06 21:48:00,3,14.68,45.7,8.89,2.5,57.09,Credit Card,Mall,Mall
TRIP0142,2024-01-06 22:00:00,2024-01-06 22:44:00,1,3.02,9.4,0.83,0.0,10.23,App Payment,Downtown,Suburb
TRIP0143,2024-01-06 23:00:00,2024-01-06 23:26:00,3,3.66,11.39,1.7,0.0,13.09,Cash,Airport,Airport
TRIP0144,2024-01-07 00:00:00,2024-01-07 00:31:00,1,6.01,18.71,3.68,0.0,22.39,Credit Card,Mall,Mall
TRIP0145,2024-01-07 01:00:00,2024-01-07 01:39:00,1,6.06,18.86,2.0,0.0,20.86,Cash,Mall,Suburb
TRIP0146,2024-01-07 02:00:00,2024-01-07 02:05:00,2,14.91,46.41,2.44,0.0,48.849999999999994,Cash,University,Suburb
TRIP0147,2024-01-07 03:00:00,2024-01-07 03:39:00,1,5.76,17.93,1.55,0.0,19.48,Credit Card,Suburb,Suburb
TRIP0148,2024-01-07 04:00:00,2024-01-07 04:41:00,1,13.03,40.56,7.08,0.0,47.64,App Payment,Suburb,Suburb
TRIP0149,2024-01-07 05:00:00,2024-01-07 05:51:00,2,10.39,32.34,5.81,2.5,40.650000000000006,Cash,University,University
TRIP0150,2024-01-07 06:00:00,2024-01-07 06:18:00,1,11.89,37.01,6.12,0.0,43.129999999999995,Credit Card,University,Suburb
TRIP0151,2024-01-07 07:00:00,2024-01-07 07:07:00,1,16.92,52.67,3.53,0.0,56.2,Cash,University,University
TRIP0152,2024-01-07 08:00:00,2024-01-07 08:05:00,1,8.68,27.02,4.58,0.0,31.6,App Payment,Suburb,University
TRIP0153,2024-01-07 09:00:00,2024-01-07 09:09:00,1,15.65,48.72,9.15,0.0,57.87,Credit Card,University,Suburb
TRIP0154,2024-01-07 10:00:00,2024-01-07 10:30:00,1,9.02,28.08,3.93,0.0,32.01,App Payment,Downtown,Airport
TRIP0155,2024-01-07 11:00:00,2024-01-07 11:59:00,1,7.72,24.03,4.59,0.0,28.62,Credit Card,Mall,Suburb
TRIP0156,2024-01-07 12:00:00,2024-01-07 12:18:00,2,19.21,59.8,10.41,0.0,70.21,Cash,Mall,Suburb
TRIP0157,2024-01-07 13:00:00,2024-01-07 13:43:00,2,4.5,14.01,2.1,0.0,16.11,Cash,Airport,Suburb
TRIP0158,2024-01-07 14:00:00,2024-01-07 14:31:00,3,2.72,8.47,1.16,5.0,14.63,Credit Card,Airport,Airport
TRIP0159,2024-01-07 15:00:00,2024-01-07 15:13:00,2,15.65,48.72,4.98,0.0,53.7,Credit Card,Mall,Downtown
TRIP0160,2024-01-07 16:00:00,2024-01-07 16:19:00,2,2.3,7.16,0.53,0.0,7.69,Cash,Downtown,Downtown
TRIP0161,2024-01-07 17:00:00,2024-01-07 17:19:00,1,16.9,52.61,7.4,5.0,65.00999999999999,Credit Card,Suburb,University
TRIP0162,2024-01-07 18:00:00,2024-01-07 18:30:00,1,9.31,28.98,2.83,0.0,31.810000000000002,Cash,Suburb,University
TRIP0163,2024-01-07 19:00:00,2024-01-07 19:46:00,1,18.39,57.25,10.3,0.0,67.55,Credit Card,Downtown,Airport
TRIP0164,2024-01-07 20:00:00,2024-01-07 20:17:00,1,14.71,45.79,9.11,5.0,59.9,App Payment,Suburb,Mall
TRIP0165,2024-01-07 21:00:00,2024-01-07 21:55:00,1,12.6,39.22,6.39,0.0,45.61,Cash,University,Downtown
TRIP0166,2024-01-07 22:00:00,2024-01-07 22:36:00,1,19.04,59.27,3.77,0.0,63.040000000000006,App Payment,Mall,University
TRIP0167,2024-01-07 23:00:00,2024-01-07 23:43:00,3,8.54,26.58,2.48,0.0,29.06,Credit Card,Mall,Downtown
TRIP0168,2024-01-08 00:00:00,2024-01-08 00:53:00,4,19.13,59.55,3.95,0.0,63.5,Cash,Downtown,Airport
TRIP0169,2024-01-08 01:00:00,2024-01-08 01:56:00,1,3.57,11.11,1.64,0.0,12.75,Cash,Suburb,Airport
TRIP0170,2024-01-08 02:00:00,2024-01-08 02:36:00,1,10.19,31.72,5.23,2.5,39.45,Credit Card,Airport,Mall
TRIP0171,2024-01-08 03:00:00,2024-01-08 03:08:00,1,6.13,19.08,3.6,0.0,22.68,Credit Card,Airport,Mall
TRIP0172,2024-01-08 04:00:00,2024-01-08 04:34:00,3,11.26,35.05,4.06,0.0,39.11,Credit Card,Suburb,Airport
TRIP0173,2024-01-08 05:00:00,2024-01-08 05:41:00,3,4.08,12.7,2.35,2.5,17.549999999999997,Cash,Airport,University
TRIP0174,2024-01-08 06:00:00,2024-01-08 06:27:00,1,16.99,52.89,9.61,0.0,62.5,Cash,Downtown,Downtown
TRIP0175,2024-01-08 07:00:00,2024-01-08 07:43:00,2,17.08,53.17,5.19,0.0,58.36,Credit Card,Downtown,Suburb
TRIP0176,2024-01-08 08:00:00,2024-01-08 08:49:00,1,19.15,59.61,10.75,0.0,70.36,Cash,Suburb,Mall
TRIP0177,2024-01-08 09:00:00,2024-01-08 09:19:00,1,3.94,12.27,1.3,0.0,13.57,Credit Card,Airport,Suburb
TRIP0178,2024-01-08 10:00:00,2024-01-08 10:47:00,1,12.84,39.97,3.78,0.0,43.75,Credit Card,Downtown,University
TRIP0179,2024-01-08 11:00:00,2024-01-08 11:33:00,1,10.01,31.16,4.59,2.5,38.25,App Payment,Downtown,Mall
TRIP0180,2024-01-08 12:00:00,2024-01-08 12:40:00,4,7.54,23.47,2.33,0.0,25.799999999999997,App Payment,University,Suburb
TRIP0181,2024-01-08 13:00:00,2024-01-08 13:17:00,2,7.68,23.91,3.46,0.0,27.37,Cash,University,University
TRIP0182,2024-01-08 14:00:00,2024-01-08 14:36:00,1,8.84,27.52,3.89,0.0,31.41,Credit Card,Downtown,Downtown
TRIP0183,2024-01-08 15:00:00,2024-01-08 15:11:00,2,14.39,44.8,6.03,2.5,53.33,Cash,Suburb,University
TRIP0184,2024-01-08 16:00:00,2024-01-08 16:55:00,3,12.37,38.51,4.12,2.5,45.129999999999995,Credit Card,Mall,Mall
TRIP0185,2024-01-08 17:00:00,2024-01-08 17:26:00,4,9.73,30.29,4.01,0.0,34.3,Credit Card,Mall,Airport
TRIP0186,2024-01-08 18:00:00,2024-01-08 18:32:00,1,2.44,7.6,1.06,0.0,8.66,Credit Card,Downtown,Downtown
TRIP0187,2024-01-08 19:00:00,2024-01-08 19:06:00,1,2.48,7.72,1.02,0.0,8.74,Cash,Downtown,Suburb
TRIP0188,2024-01-08 20:00:00,2024-01-08 20:46:00,1,1.04,3.24,0.38,0.0,3.62,Cash,Downtown,Mall
TRIP0189,2024-01-08 21:00:00,2024-01-08 21:49:00,1,19.39,60.36,3.15,0.0,63.51,Credit Card,Suburb,Airport
TRIP0190,2024-01-08 22:00:00,2024-01-08 22:57:00,1,1.1,3.42,0.47,0.0,3.8899999999999997,Cash,University,University
TRIP0191,2024-01-08 23:00:00,2024-01-08 23:10:00,2,2.96,9.21,0.69,2.5,12.4,App Payment,Downtown,Airport
TRIP0192,2024-01-09 00:00:00,2024-01-09 00:32:00,1,6.98,21.73,3.18,0.0,24.91,Credit Card,Downtown,Mall
TRIP0193,2024-01-09 01:00:00,2024-01-09 01:32:00,1,16.34,50.87,8.34,0.0,59.209999999999994,Cash,Airport,Mall
TRIP0194,2024-01-09 02:00:00,2024-01-09 02:48:00,1,19.28,60.02,7.51,0.0,67.53,App Payment,Suburb,Airport
TRIP0195,2024-01-09 03:00:00,2024-01-09 03:48:00,1,16.01,49.84,6.55,0.0,56.39,Credit Card,Downtown,University
TRIP0196,2024-01-09 04:00:00,2024-01-09 04:24:00,1,14.12,43.95,8.47,0.0,52.42,Credit Card,Airport,Airport
TRIP0197,2024-01-09 05:00:00,2024-01-09 05:34:00,1,10.9,33.93,6.01,0.0,39.94,Cash,Mall,Mall
TRIP0198,2024-01-09 06:00:00,2024-01-09 06:15:00,1,2.65,8.25,1.54,0.0,9.79,Cash,Downtown,Mall
TRIP0199,2024-01-09 07:00:00,2024-01-09 07:59:00,1,19.21,59.8,10.29,0.0,70.09,App Payment,Downtown,Suburb
TRIP0200,2024-01-09 08:00:00,2024-01-09 08:32:00,1,15.41,47.97,3.18,5.0,56.15,Credit Card,Airport,Suburb
TRIP0201,2024-01-09 09:00:00,2024-01-09 09:29:00,2,13.14,40.9,2.96,0.0,43.86,App Payment,Suburb,Downtown
TRIP0202,2024-01-09 10:00:00,2024-01-09 10:43:00,1,15.42,48.0,6.19,0.0,54.19,Credit Card,Downtown,Mall
TRIP0203,2024-01-09 11:00:00,2024-01-09 11:37:00,1,14.76,45.95,3.99,2.5,52.440000000000005,Credit Card,Mall,Suburb
TRIP0204,2024-01-09 12:00:00,2024-01-09 12:05:00,1,13.11,40.81,4.96,0.0,45.77,Cash,Downtown,Airport
TRIP0205,2024-01-09 13:00:00,2024-01-09 13:31:00,3,19.63,61.11,6.67,0.0,67.78,Credit Card,Mall,University
TRIP0206,2024-01-09 14:00:00,2024-01-09 14:56:00,1,18.16,56.53,7.49,2.5,66.52,Credit Card,University,Airport
TRIP0207,2024-01-09 15:00:00,2024-01-09 15:17:00,1,13.29,41.37,6.7,0.0,48.07,Credit Card,University,University
TRIP0208,2024-01-09 16:00:00,2024-01-09 16:45:00,3,14.17,44.11,6.94,0.0,51.05,Credit Card,Mall,Suburb
TRIP0209,2024-01-09 17:00:00,2024-01-09 17:07:00,1,1.98,6.16,0.79,0.0,6.95,Credit Card,Suburb,Downtown
TRIP0210,2024-01-09 18:00:00,2024-01-09 18:43:00,3,13.73,42.74,7.41,0.0,50.150000000000006,App Payment,Downtown,Airport
TRIP0211,2024-01-09 19:00:00,2024-01-09 19:10:00,1,1.84,5.73,0.66,0.0,6.390000000000001,Credit Card,Downtown,Airport
TRIP0212,2024-01-09 20:00:00,2024-01-09 20:12:00,1,12.18,37.92,7.0,0.0,44.92,Cash,University,Airport
TRIP0213,2024-01-09 21:00:00,2024-01-09 21:31:00,1,19.99,62.23,3.78,0.0,66.00999999999999,Cash,Mall,University
TRIP0214,2024-01-09 22:00:00,2024-01-09 22:13:00,2,11.56,35.99,6.95,0.0,42.940000000000005,App Payment,Downtown,Suburb
TRIP0215,2024-01-09 23:00:00,2024-01-09 23:41:00,1,9.99,31.1,4.61,0.0,35.71,Credit Card,Downtown,Airport
TRIP0216,2024-01-10 00:00:00,2024-01-10 00:37:00,4,6.94,21.6,2.31,0.0,23.91,App Payment,Suburb,Airport
TRIP0217,2024-01-10 01:00:00,2024-01-10 01:55:00,1,3.29,10.24,0.81,0.0,11.05,Cash,Airport,Downtown
TRIP0218,2024-01-10 02:00:00,2024-01-10 02:46:00,2,14.89,46.35,5.65,2.5,54.5,Cash,University,Downtown
TRIP0219,2024-01-10 03:00:00,2024-01-10 03:48:00,1,4.66,14.51,1.15,0.0,15.66,Cash,University,Suburb
TRIP0220,2024-01-10 04:00:00,2024-01-10 04:28:00,3,3.19,9.93,0.74,2.5,13.17,App Payment,Airport,Suburb
TRIP0221,2024-01-10 05:00:00,2024-01-10 05:19:00,1,9.01,28.05,4.0,0.0,32.05,Credit Card,Downtown,Mall
TRIP0222,2024-01-10 06:00:00,2024-01-10 06:58:00,1,16.11,50.15,6.44,0.0,56.589999999999996,Cash,Suburb,Downtown
TRIP0223,2024-01-10 07:00:00,2024-01-10 07:36:00,1,15.16,47.19,7.1,0.0,54.29,Cash,Suburb,Mall
TRIP0224,2024-01-10 08:00:00,2024-01-10 08:36:00,1,2.04,6.35,1.2,5.0,12.55,Cash,University,University
TRIP0225,2024-01-10 09:00:00,2024-01-10 09:28:00,1,9.65,30.04,3.9,0.0,33.94,App Payment,Suburb,Mall
TRIP0226,2024-01-10 10:00:00,2024-01-10 10:45:00,1,10.93,34.02,4.67,0.0,38.690000000000005,Credit Card,Airport,Airport
TRIP0227,2024-01-10 11:00:00,2024-01-10 11:56:00,2,13.25,41.25,2.62,0.0,43.87,App Payment,Downtown,Mall
TRIP0228,2024-01-10 12:00:00,2024-01-10 12:53:00,1,13.35,41.56,6.55,0.0,48.11,Credit Card,Airport,Suburb
TRIP0229,2024-01-10 13:00:00,2024-01-10 13:53:00,2,7.93,24.69,2.72,0.0,27.41,Credit Card,Mall,University
TRIP0230,2024-01-10 14:00:00,2024-01-10 14:56:00,3,11.65,36.27,7.13,2.5,45.900000000000006,Credit Card,University,Airport
TRIP0231,2024-01-10 15:00:00,2024-01-10 15:16:00,1,10.14,31.57,5.48,5.0,42.05,Credit Card,Suburb,Mall
TRIP0232,2024-01-10 16:00:00,2024-01-10 16:43:00,2,17.81,55.44,7.12,0.0,62.559999999999995,Cash,Mall,University
TRIP0233,2024-01-10 17:00:00,2024-01-10 17:06:00,2,11.08,34.49,2.36,0.0,36.85,Credit Card,Suburb,University
TRIP0234,2024-01-10 18:00:00,2024-01-10 18:07:00,1,9.38,29.2,5.22,0.0,34.42,Credit Card,Downtown,Airport
TRIP0235,2024-01-10 19:00:00,2024-01-10 19:53:00,1,8.69,27.05,4.6,0.0,31.65,App Payment,Downtown,Mall
TRIP0236,2024-01-10 20:00:00,2024-01-10 20:41:00,1,11.88,36.98,2.87,0.0,39.849999999999994,App Payment,Downtown,University
TRIP0237,2024-01-10 21:00:00,2024-01-10 21:53:00,1,16.28,50.68,4.78,0.0,55.46,App Payment,Suburb,University
TRIP0238,2024-01-10 22:00:00,2024-01-10 22:21:00,1,11.23,34.96,5.91,0.0,40.870000000000005,App Payment,Mall,Downtown
TRIP0239,2024-01-10 23:00:00,2024-01-10 23:53:00,1,13.57,42.24,3.29,5.0,50.53,Cash,Downtown,University
TRIP0240,2024-01-11 00:00:00,2024-01-11 00:06:00,3,15.02,46.76,8.78,0.0,55.54,Credit Card,Mall,Downtown
TRIP0241,2024-01-11 01:00:00,2024-01-11 01:06:00,2,10.88,33.87,3.85,0.0,37.72,Credit Card,Suburb,Mall
TRIP0242,2024-01-11 02:00:00,2024-01-11 02:32:00,1,9.11,28.36,1.79,0.0,30.15,Cash,Mall,Mall
TRIP0243,2024-01-11 03:00:00,2024-01-11 03:58:00,1,17.66,54.97,9.47,0.0,64.44,Credit Card,Suburb,Mall
TRIP0244,2024-01-11 04:00:00,2024-01-11 04:27:00,1,8.93,27.8,2.95,0.0,30.75,Cash,Suburb,Suburb
TRIP0245,2024-01-11 05:00:00,2024-01-11 05:41:00,1,9.78,30.44,3.93,0.0,34.370000000000005,Credit Card,University,Mall
TRIP0246,2024-01-11 06:00:00,2024-01-11 06:36:00,1,19.82,61.7,4.12,0.0,65.82000000000001,Credit Card,Suburb,University
TRIP0247,2024-01-11 07:00:00,2024-01-11 07:37:00,3,1.0,3.11,0.16,2.5,5.77,Cash,Suburb,Airport
TRIP0248,2024-01-11 08:00:00,2024-01-11 08:05:00,1,4.52,14.07,2.05,0.0,16.12,Cash,Airport,Downtown
TRIP0249,2024-01-11 09:00:00,2024-01-11 09:23:00,3,8.3,25.84,3.29,0.0,29.13,Cash,Downtown,Suburb
TRIP0250,2024-01-11 10:00:00,2024-01-11 10:06:00,4,18.72,58.27,8.1,0.0,66.37,Cash,University,Mall
TRIP0251,2024-01-11 11:00:00,2024-01-11 11:57:00,1,2.33,7.25,1.23,0.0,8.48,Credit Card,University,Mall
TRIP0252,2024-01-11 12:00:00,2024-01-11 12:48:00,2,1.18,3.67,0.54,0.0,4.21,Credit Card,University,Airport
TRIP0253,2024-01-11 13:00:00,2024-01-11 13:30:00,1,2.0,6.23,0.47,2.5,9.2,App Payment,Airport,Airport
TRIP0254,2024-01-11 14:00:00,2024-01-11 14:36:00,1,2.68,8.34,0.87,0.0,9.209999999999999,Cash,Suburb,Suburb
TRIP0255,2024-01-11 15:00:00,2024-01-11 15:10:00,1,1.71,5.32,0.99,0.0,6.3100000000000005,Credit Card,Downtown,Downtown
TRIP0256,2024-01-11 16:00:00,2024-01-11 16:36:00,2,10.12,31.5,5.21,0.0,36.71,App Payment,Mall,Mall
TRIP0257,2024-01-11 17:00:00,2024-01-11 17:59:00,2,12.03,37.45,5.0,0.0,42.45,Credit Card,Suburb,Suburb
TRIP0258,2024-01-11 18:00:00,2024-01-11 18:08:00,3,6.16,19.18,1.69,0.0,20.87,Credit Card,Airport,University
TRIP0259,2024-01-11 19:00:00,2024-01-11 19:59:00,3,8.57,26.68,2.54,0.0,29.22,Credit Card,Suburb,University
TRIP0260,2024-01-11 20:00:00,2024-01-11 20:15:00,2,2.74,8.53,1.36,5.0,14.889999999999999,Cash,Suburb,Suburb
TRIP0261,2024-01-11 21:00:00,2024-01-11 21:21:00,4,7.39,23.0,4.09,0.0,27.09,Cash,Airport,Mall
TRIP0262,2024-01-11 22:00:00,2024-01-11 22:42:00,2,10.93,34.02,5.13,0.0,39.150000000000006,Credit Card,University,Suburb
TRIP0263,2024-01-11 23:00:00,2024-01-11 23:28:00,2,14.91,46.41,7.96,0.0,54.37,App Payment,University,Mall
TRIP0264,2024-01-12 00:00:00,2024-01-12 00:09:00,1,1.06,3.3,0.54,2.5,6.34,Credit Card,Downtown,Airport
TRIP0265,2024-01-12 01:00:00,2024-01-12 01:56:00,1,9.88,30.76,2.23,0.0,32.99,Credit Card,Downtown,Suburb
TRIP0266,2024-01-12 02:00:00,2024-01-12 02:38:00,2,6.64,20.67,2.35,0.0,23.020000000000003,Credit Card,University,Mall
TRIP0267,2024-01-12 03:00:00,2024-01-12 03:10:00,1,17.2,53.54,3.91,0.0,57.45,Credit Card,Mall,Suburb
TRIP0268,2024-01-12 04:00:00,2024-01-12 04:26:00,1,14.6,45.45,3.88,0.0,49.330000000000005,Credit Card,Suburb,Suburb
TRIP0269,2024-01-12 05:00:00,2024-01-12 05:15:00,3,12.19,37.95,6.85,0.0,44.800000000000004,Cash,Mall,Mall
TRIP0270,2024-01-12 06:00:00,2024-01-12 06:52:00,1,6.27,19.52,2.36,0.0,21.88,App Payment,Suburb,Mall
TRIP0271,2024-01-12 07:00:00,2024-01-12 07:20:00,1,18.3,56.97,7.42,0.0,64.39,Cash,University,Downtown
TRIP0272,2024-01-12 08:00:00,2024-01-12 08:37:00,2,1.86,5.79,0.44,0.0,6.23,Credit Card,Downtown,Suburb
TRIP0273,2024-01-12 09:00:00,2024-01-12 09:13:00,2,3.08,9.59,0.93,2.5,13.02,Credit Card,Downtown,University
TRIP0274,2024-01-12 10:00:00,2024-01-12 10:10:00,1,8.44,26.27,2.22,0.0,28.49,Credit Card,Mall,Suburb
TRIP0275,2024-01-12 11:00:00,2024-01-12 11:20:00,3,3.36,10.46,0.85,0.0,11.31,Credit Card,Downtown,Suburb
TRIP0276,2024-01-12 12:00:00,2024-01-12 12:33:00,2,19.17,59.68,8.7,0.0,68.38,Cash,University,Mall
TRIP0277,2024-01-12 13:00:00,2024-01-12 13:07:00,1,16.16,50.31,4.45,0.0,54.760000000000005,Credit Card,Mall,Suburb
TRIP0278,2024-01-12 14:00:00,2024-01-12 14:24:00,1,5.92,18.43,2.67,0.0,21.1,Cash,Suburb,Suburb
TRIP0279,2024-01-12 15:00:00,2024-01-12 15:40:00,2,12.18,37.92,2.23,0.0,40.15,App Payment,Downtown,University
TRIP0280,2024-01-12 16:00:00,2024-01-12 16:23:00,1,19.66,61.2,4.36,0.0,65.56,Credit Card,Airport,Mall
TRIP0281,2024-01-12 17:00:00,2024-01-12 17:30:00,1,17.8,55.41,5.05,0.0,60.459999999999994,App Payment,Downtown,Suburb
TRIP0282,2024-01-12 18:00:00,2024-01-12 18:07:00,1,12.42,38.66,5.4,0.0,44.059999999999995,Cash,Suburb,Airport
TRIP0283,2024-01-12 19:00:00,2024-01-12 19:23:00,1,18.17,56.56,8.56,0.0,65.12,Cash,Mall,Downtown
TRIP0284,2024-01-12 20:00:00,2024-01-12 20:24:00,1,19.79,61.61,7.17,0.0,68.78,Cash,Suburb,University
TRIP0285,2024-01-12 21:00:00,2024-01-12 21:36:00,1,15.12,47.07,5.5,0.0,52.57,Credit Card,Airport,Suburb
TRIP0286,2024-01-12 22:00:00,2024-01-12 22:11:00,1,2.23,6.94,1.1,0.0,8.040000000000001,Credit Card,University,Airport
TRIP0287,2024-01-12 23:00:00,2024-01-12 23:56:00,1,8.63,26.86,1.41,0.0,28.27,Credit Card,Downtown,Suburb
TRIP0288,2024-01-13 00:00:00,2024-01-13 00:45:00,2,16.92,52.67,5.33,0.0,58.0,Credit Card,Mall,Suburb
TRIP0289,2024-01-13 01:00:00,2024-01-13 01:37:00,1,5.38,16.75,2.89,0.0,19.64,Cash,University,Mall
TRIP0290,2024-01-13 02:00:00,2024-01-13 02:44:00,2,16.78,52.24,7.34,0.0,59.58,Credit Card,Suburb,Mall
TRIP0291,2024-01-13 03:00:00,2024-01-13 03:43:00,1,3.29,10.24,1.03,0.0,11.27,App Payment,Mall,Mall
TRIP0292,2024-01-13 04:00:00,2024-01-13 04:22:00,3,1.89,5.88,1.09,0.0,6.97,Cash,University,Airport
TRIP0293,2024-01-13 05:00:00,2024-01-13 05:44:00,1,8.3,25.84,4.29,0.0,30.13,Credit Card,Mall,Suburb
TRIP0294,2024-01-13 06:00:00,2024-01-13 06:05:00,4,1.7,5.29,0.47,0.0,5.76,Credit Card,Airport,Downtown
TRIP0295,2024-01-13 07:00:00,2024-01-13 07:15:00,2,19.19,59.74,8.77,0.0,68.51,App Payment,Airport,University
TRIP0296,2024-01-13 08:00:00,2024-01-13 08:32:00,1,16.7,51.99,7.25,0.0,59.24,App Payment,Downtown,Mall
TRIP0297,2024-01-13 09:00:00,2024-01-13 09:29:00,3,16.21,50.46,5.56,2.5,58.52,Cash,Downtown,Mall
TRIP0298,2024-01-13 10:00:00,2024-01-13 10:54:00,1,12.97,40.37,4.24,0.0,44.61,Credit Card,Airport,Suburb
TRIP0299,2024-01-13 11:00:00,2024-01-13 11:27:00,1,5.11,15.91,1.62,0.0,17.53,Credit Card,Mall,Suburb
TRIP0300,2024-01-13 12:00:00,2024-01-13 12:35:00,1,10.85,33.78,4.82,0.0,38.6,Credit Card,Airport,Airport
TRIP0301,2024-01-13 13:00:00,2024-01-13 13:34:00,1,12.35,38.44,4.47,0.0,42.91,Credit Card,Downtown,Airport
TRIP0302,2024-01-13 14:00:00,2024-01-13 14:46:00,1,10.98,34.18,5.97,0.0,40.15,Cash,Airport,Mall
TRIP0303,2024-01-13 15:00:00,2024-01-13 15:39:00,1,5.94,18.49,2.78,0.0,21.27,Cash,Airport,Suburb
TRIP0304,2024-01-13 16:00:00,2024-01-13 16:11:00,3,10.79,33.59,2.03,2.5,38.120000000000005,Cash,Mall,Downtown
TRIP0305,2024-01-13 17:00:00,2024-01-13 17:20:00,1,10.33,32.16,4.7,0.0,36.86,App Payment,University,University
TRIP0306,2024-01-13 18:00:00,2024-01-13 18:30:00,1,19.93,62.04,5.63,0.0,67.67,Cash,Downtown,Suburb
TRIP0307,2024-01-13 19:00:00,2024-01-13 19:52:00,1,18.05,56.19,7.81,0.0,64.0,Credit Card,Mall,Suburb
TRIP0308,2024-01-13 20:00:00,2024-01-13 20:56:00,1,9.8,30.51,4.64,0.0,35.15,Credit Card,Airport,Airport
TRIP0309,2024-01-13 21:00:00,2024-01-13 21:53:00,1,12.84,39.97,3.38,0.0,43.35,App Payment,Airport,University
TRIP0310,2024-01-13 22:00:00,2024-01-13 22:06:00,2,15.21,47.35,5.61,0.0,52.96,Credit Card,University,Mall
TRIP0311,2024-01-13 23:00:00,2024-01-13 23:05:00,1,1.66,5.17,0.41,2.5,8.08,App Payment,Downtown,Suburb
TRIP0312,2024-01-14 00:00:00,2024-01-14 00:52:00,1,18.0,56.03,3.24,0.0,59.27,App Payment,Downtown,Mall
TRIP0313,2024-01-14 01:00:00,2024-01-14 01:16:00,1,17.34,53.98,5.76,0.0,59.739999999999995,Credit Card,Suburb,Suburb
TRIP0314,2024-01-14 02:00:00,2024-01-14 02:09:00,1,9.69,30.16,3.15,5.0,38.31,Cash,Downtown,Mall
TRIP0315,2024-01-14 03:00:00,2024-01-14 03:41:00,3,8.43,26.24,5.23,2.5,33.97,App Payment,University,University
TRIP0316,2024-01-14 04:00:00,2024-01-14 04:36:00,1,6.19,19.27,2.25,0.0,21.52,Cash,Suburb,Airport
TRIP0317,2024-01-14 05:00:00,2024-01-14 05:59:00,1,10.06,31.32,3.13,0.0,34.45,App Payment,Suburb,University
TRIP0318,2024-01-14 06:00:00,2024-01-14 06:13:00,4,1.84,5.73,0.79,0.0,6.5200000000000005,App Payment,Airport,Downtown
TRIP0319,2024-01-14 07:00:00,2024-01-14 07:45:00,1,17.19,53.51,3.39,5.0,61.9,Credit Card,Airport,Airport
TRIP0320,2024-01-14 08:00:00,2024-01-14 08:39:00,3,1.67,5.2,1.01,0.0,6.21,Credit Card,Downtown,University
TRIP0321,2024-01-14 09:00:00,2024-01-14 09:23:00,1,7.25,22.57,3.28,0.0,25.85,App Payment,Suburb,Downtown
TRIP0322,2024-01-14 10:00:00,2024-01-14 10:52:00,2,18.7,58.21,9.5,0.0,67.71000000000001,Cash,Airport,Suburb
TRIP0323,2024-01-14 11:00:00,2024-01-14 11:20:00,1,14.97,46.6,3.52,0.0,50.120000000000005,Credit Card,University,Suburb
TRIP0324,2024-01-14 12:00:00,2024-01-14 12:07:00,2,6.35,19.77,2.2,5.0,26.97,Credit Card,Airport,Mall
TRIP0325,2024-01-14 13:00:00,2024-01-14 13:24:00,1,5.8,18.06,2.05,5.0,25.11,Cash,Airport,Airport
TRIP0326,2024-01-14 14:00:00,2024-01-14 14:28:00,1,1.1,3.42,0.59,0.0,4.01,App Payment,Suburb,Suburb
TRIP0327,2024-01-14 15:00:00,2024-01-14 15:58:00,1,14.22,44.27,2.22,0.0,46.49,App Payment,Suburb,Airport
TRIP0328,2024-01-14 16:00:00,2024-01-14 16:37:00,2,1.93,6.01,0.57,0.0,6.58,Cash,Mall,Suburb
TRIP0329,2024-01-14 17:00:00,2024-01-14 17:28:00,3,11.12,34.62,6.83,0.0,41.449999999999996,Credit Card,University,Mall
TRIP0330,2024-01-14 18:00:00,2024-01-14 18:56:00,2,19.28,60.02,7.28,0.0,67.3,Credit Card,Suburb,University
TRIP0331,2024-01-14 19:00:00,2024-01-14 19:15:00,1,3.08,9.59,1.03,2.5,13.12,App Payment,Downtown,Mall
TRIP0332,2024-01-14 20:00:00,2024-01-14 20:53:00,3,18.0,56.03,3.81,0.0,59.84,Credit Card,University,Downtown
TRIP0333,2024-01-14 21:00:00,2024-01-14 21:12:00,1,19.84,61.76,12.11,0.0,73.87,Credit Card,University,Suburb
TRIP0334,2024-01-14 22:00:00,2024-01-14 22:40:00,1,2.17,6.76,0.36,5.0,12.120000000000001,Credit Card,Suburb,Downtown
TRIP0335,2024-01-14 23:00:00,2024-01-14 23:42:00,1,17.78,55.35,8.89,0.0,64.24000000000001,Cash,University,Downtown
TRIP0336,2024-01-15 00:00:00,2024-01-15 00:44:00,2,10.81,33.65,5.56,0.0,39.21,App Payment,Suburb,Airport
TRIP0337,2024-01-15 01:00:00,2024-01-15 01:24:00,1,18.22,56.72,4.91,2.5,64.13,Credit Card,Airport,Suburb
TRIP0338,2024-01-15 02:00:00,2024-01-15 02:39:00,1,11.86,36.92,5.57,0.0,42.49,Credit Card,Mall,Downtown
TRIP0339,2024-01-15 03:00:00,2024-01-15 03:52:00,3,13.58,42.27,2.7,0.0,44.970000000000006,Cash,Airport,University
TRIP0340,2024-01-15 04:00:00,2024-01-15 04:29:00,1,11.33,35.27,3.12,5.0,43.39,App Payment,Suburb,Downtown
TRIP0341,2024-01-15 05:00:00,2024-01-15 05:39:00,1,17.43,54.26,9.13,2.5,65.89,Credit Card,Suburb,University
TRIP0342,2024-01-15 06:00:00,2024-01-15 06:29:00,1,14.94,46.51,8.36,0.0,54.87,Credit Card,Airport,Airport
TRIP0343,2024-01-15 07:00:00,2024-01-15 07:33:00,1,10.9,33.93,4.79,0.0,38.72,Credit Card,Downtown,Downtown
TRIP0344,2024-01-15 08:00:00,2024-01-15 08:22:00,1,17.5,54.48,6.87,0.0,61.349999999999994,App Payment,Downtown,Mall
TRIP0345,2024-01-15 09:00:00,2024-01-15 09:50:00,1,5.66,17.62,1.3,2.5,21.42,Credit Card,Downtown,Airport
TRIP0346,2024-01-15 10:00:00,2024-01-15 10:22:00,2,3.99,12.42,0.74,2.5,15.66,Credit Card,Suburb,University
TRIP0347,2024-01-15 11:00:00,2024-01-15 11:06:00,1,4.05,12.61,0.85,0.0,13.459999999999999,Cash,University,Airport
TRIP0348,2024-01-15 12:00:00,2024-01-15 12:58:00,1,7.35,22.88,1.92,0.0,24.799999999999997,Cash,Suburb,Downtown
TRIP0349,2024-01-15 13:00:00,2024-01-15 13:39:00,2,5.54,17.25,1.75,0.0,19.0,Credit Card,University,Suburb
TRIP0350,2024-01-15 14:00:00,2024-01-15 14:20:00,1,18.67,58.12,6.23,0.0,64.35,App Payment,Airport,Suburb
TRIP0351,2024-01-15 15:00:00,2024-01-15 15:45:00,1,3.01,9.37,0.96,0.0,10.329999999999998,Credit Card,Mall,University
TRIP0352,2024-01-15 16:00:00,2024-01-15 16:40:00,1,14.28,44.45,3.82,0.0,48.27,Cash,University,University
TRIP0353,2024-01-15 17:00:00,2024-01-15 17:37:00,1,4.6,14.32,1.81,2.5,18.63,Credit Card,Downtown,Suburb
TRIP0354,2024-01-15 18:00:00,2024-01-15 18:08:00,1,17.75,55.25,9.6,0.0,64.85,Cash,Suburb,University
TRIP0355,2024-01-15 19:00:00,2024-01-15 19:37:00,3,19.26,59.96,5.51,0.0,65.47,Credit Card,Airport,Airport
TRIP0356,2024-01-15 20:00:00,2024-01-15 20:18:00,2,9.84,30.63,5.86,0.0,36.49,App Payment,Downtown,Mall
TRIP0357,2024-01-15 21:00:00,2024-01-15 21:25:00,1,17.7,55.1,9.97,0.0,65.07000000000001,Cash,Airport,Mall
TRIP0358,2024-01-15 22:00:00,2024-01-15 22:52:00,1,1.1,3.42,0.25,0.0,3.67,Cash,Mall,Airport
TRIP0359,2024-01-15 23:00:00,2024-01-15 23:24:00,1,16.58,51.61,8.67,0.0,60.28,Cash,Suburb,Mall
TRIP0360,2024-01-16 00:00:00,2024-01-16 00:12:00,3,5.34,16.62,2.26,2.5,21.380000000000003,Cash,Suburb,Downtown
TRIP0361,2024-01-16 01:00:00,2024-01-16 01:11:00,1,18.27,56.87,7.68,2.5,67.05,Credit Card,Mall,Airport
TRIP0362,2024-01-16 02:00:00,2024-01-16 02:07:00,1,1.02,3.18,0.35,0.0,3.5300000000000002,Credit Card,Suburb,University
TRIP0363,2024-01-16 03:00:00,2024-01-16 03:21:00,1,11.57,36.02,4.51,0.0,40.53,App Payment,University,Airport
TRIP0364,2024-01-16 04:00:00,2024-01-16 04:37:00,1,15.38,47.88,5.25,0.0,53.13,Credit Card,Airport,Suburb
TRIP0365,2024-01-16 05:00:00,2024-01-16 05:52:00,3,5.92,18.43,2.41,0.0,20.84,Cash,Downtown,University
TRIP0366,2024-01-16 06:00:00,2024-01-16 06:16:00,1,4.67,14.54,2.1,0.0,16.64,App Payment,Mall,Suburb
TRIP0367,2024-01-16 07:00:00,2024-01-16 07:55:00,3,2.6,8.09,1.22,0.0,9.31,Credit Card,University,University
TRIP0368,2024-01-16 08:00:00,2024-01-16 08:26:00,1,7.2,22.41,2.91,0.0,25.32,Cash,Downtown,Mall
TRIP0369,2024-01-16 09:00:00,2024-01-16 09:59:00,3,11.64,36.23,5.73,0.0,41.959999999999994,Credit Card,Downtown,Airport
TRIP0370,2024-01-16 10:00:00,2024-01-16 10:26:00,1,3.2,9.96,0.71,0.0,10.670000000000002,Cash,Mall,Downtown
TRIP0371,2024-01-16 11:00:00,2024-01-16 11:50:00,1,8.16,25.4,2.08,5.0,32.48,Credit Card,University,University
TRIP0372,2024-01-16 12:00:00,2024-01-16 12:34:00,2,1.17,3.64,0.63,0.0,4.2700000000000005,Credit Card,Downtown,University
TRIP0373,2024-01-16 13:00:00,2024-01-16 13:42:00,4,16.55,51.52,5.07,0.0,56.59,Cash,Downtown,Suburb
TRIP0374,2024-01-16 14:00:00,2024-01-16 14:42:00,3,3.44,10.71,0.57,0.0,11.280000000000001,App Payment,University,Mall
TRIP0375,2024-01-16 15:00:00,2024-01-16 15:49:00,1,6.38,19.86,1.45,2.5,23.81,Cash,Suburb,Suburb
TRIP0376,2024-01-16 16:00:00,2024-01-16 16:55:00,3,1.35,4.2,0.35,0.0,4.55,Cash,Downtown,Suburb
TRIP0377,2024-01-16 17:00:00,2024-01-16 17:58:00,1,9.21,28.67,5.55,0.0,34.22,Credit Card,Airport,Mall
TRIP0378,2024-01-16 18:00:00,2024-01-16 18:12:00,4,16.96,52.8,7.18,0.0,59.98,Cash,University,Downtown
TRIP0379,2024-01-16 19:00:00,2024-01-16 19:31:00,1,8.45,26.3,4.99,0.0,31.29,Credit Card,Downtown,Suburb
TRIP0380,2024-01-16 20:00:00,2024-01-16 20:31:00,2,4.41,13.73,1.87,0.0,15.600000000000001,App Payment,Mall,Suburb
TRIP0381,2024-01-16 21:00:00,2024-01-16 21:38:00,3,15.32,47.69,5.81,0.0,53.5,App Payment,Airport,University
TRIP0382,2024-01-16 22:00:00,2024-01-16 22:25:00,2,15.99,49.78,4.83,2.5,57.11,Cash,Downtown,Mall
TRIP0383,2024-01-16 23:00:00,2024-01-16 23:34:00,1,4.3,13.39,1.89,0.0,15.280000000000001,App Payment,Airport,Airport
TRIP0384,2024-01-17 00:00:00,2024-01-17 00:37:00,1,15.65,48.72,3.45,2.5,54.67,Credit Card,Airport,Downtown
TRIP0385,2024-01-17 01:00:00,2024-01-17 01:32:00,3,19.0,59.15,10.93,0.0,70.08,Cash,Suburb,Downtown
TRIP0386,2024-01-17 02:00:00,2024-01-17 02:51:00,1,4.16,12.95,2.26,2.5,17.71,Credit Card,Airport,Mall
TRIP0387,2024-01-17 03:00:00,2024-01-17 03:37:00,4,15.65,48.72,4.76,0.0,53.48,App Payment,Suburb,University
TRIP0388,2024-01-17 04:00:00,2024-01-17 04:09:00,2,14.46,45.01,8.68,2.5,56.19,Credit Card,University,University
TRIP0389,2024-01-17 05:00:00,2024-01-17 05:52:00,1,10.0,31.13,5.41,0.0,36.54,Cash,Suburb,Mall
TRIP0390,2024-01-17 06:00:00,2024-01-17 06:23:00,2,2.1,6.54,0.98,0.0,7.52,App Payment,Mall,University
TRIP0391,2024-01-17 07:00:00,2024-01-17 07:08:00,1,2.42,7.53,0.51,0.0,8.040000000000001,Credit Card,Downtown,Downtown
TRIP0392,2024-01-17 08:00:00,2024-01-17 08:39:00,2,17.2,53.54,6.52,0.0,60.06,Credit Card,University,Downtown
TRIP0393,2024-01-17 09:00:00,2024-01-17 09:53:00,2,19.81,61.67,7.77,0.0,69.44,Cash,University,Airport
TRIP0394,2024-01-17 10:00:00,2024-01-17 10:21:00,1,13.84,43.08,3.66,0.0,46.739999999999995,Credit Card,Mall,Mall
TRIP0395,2024-01-17 11:00:00,2024-01-17 11:48:00,1,9.47,29.48,1.83,0.0,31.310000000000002,Credit Card,Suburb,Suburb
TRIP0396,2024-01-17 12:00:00,2024-01-17 12:32:00,3,13.3,41.4,6.89,0.0,48.29,Credit Card,Downtown,Suburb
TRIP0397,2024-01-17 13:00:00,2024-01-17 13:34:00,1,12.29,38.26,2.61,2.5,43.37,Credit Card,Suburb,Airport
TRIP0398,2024-01-17 14:00:00,2024-01-17 14:33:00,1,8.29,25.81,3.59,0.0,29.4,App Payment,Airport,Airport
TRIP0399,2024-01-17 15:00:00,2024-01-17 15:50:00,1,2.25,7.0,1.33,0.0,8.33,Cash,Suburb,University
TRIP0400,2024-01-17 16:00:00,2024-01-17 16:57:00,1,16.61,51.71,9.38,0.0,61.09,Credit Card,University,Airport
TRIP0401,2024-01-17 17:00:00,2024-01-17 17:10:00,1,8.06,25.09,2.3,0.0,27.39,Credit Card,Downtown,Airport
TRIP0402,2024-01-17 18:00:00,2024-01-17 18:39:00,1,16.56,51.55,9.16,5.0,65.71,Credit Card,Suburb,Suburb
TRIP0403,2024-01-17 19:00:00,2024-01-17 19:45:00,1,5.8,18.06,0.9,0.0,18.959999999999997,Credit Card,Downtown,University
TRIP0404,2024-01-17 20:00:00,2024-01-17 20:41:00,2,1.02,3.18,0.17,0.0,3.35,Credit Card,Downtown,Airport
TRIP0405,2024-01-17 21:00:00,2024-01-17 21:28:00,1,4.02,12.51,1.76,5.0,19.27,Credit Card,Airport,Airport
TRIP0406,2024-01-17 22:00:00,2024-01-17 22:33:00,1,9.9,30.82,3.23,2.5,36.55,Credit Card,Airport,University
TRIP0407,2024-01-17 23:00:00,2024-01-17 23:53:00,1,18.94,58.96,6.37,0.0,65.33,Cash,University,Mall
TRIP0408,2024-01-18 00:00:00,2024-01-18 00:50:00,1,2.94,9.15,1.23,2.5,12.88,Credit Card,Mall,University
TRIP0409,2024-01-18 01:00:00,2024-01-18 01:57:00,1,17.23,53.64,4.23,5.0,62.870000000000005,Cash,Downtown,Suburb
TRIP0410,2024-01-18 02:00:00,2024-01-18 02:35:00,2,11.01,34.27,2.8,0.0,37.07,Cash,Mall,Mall
TRIP0411,2024-01-18 03:00:00,2024-01-18 03:39:00,2,16.69,51.96,6.37,0.0,58.33,Cash,University,Downtown
TRIP0412,2024-01-18 04:00:00,2024-01-18 04:37:00,1,6.67,20.76,3.39,0.0,24.150000000000002,Cash,Downtown,University
TRIP0413,2024-01-18 05:00:00,2024-01-18 05:56:00,3,16.96,52.8,7.55,0.0,60.349999999999994,Cash,Downtown,Suburb
TRIP0414,2024-01-18 06:00:00,2024-01-18 06:25:00,2,15.68,48.81,4.62,0.0,53.43,App Payment,Mall,Mall
TRIP0415,2024-01-18 07:00:00,2024-01-18 07:36:00,1,5.37,16.72,1.92,0.0,18.64,Cash,Suburb,University
TRIP0416,2024-01-18 08:00:00,2024-01-18 08:27:00,3,3.5,10.9,0.82,0.0,11.72,Cash,Airport,Airport
TRIP0417,2024-01-18 09:00:00,2024-01-18 09:37:00,4,17.49,54.45,3.33,0.0,57.78,App Payment,Suburb,University
TRIP0418,2024-01-18 10:00:00,2024-01-18 10:07:00,1,19.3,60.08,10.06,0.0,70.14,Cash,Mall,Downtown
TRIP0419,2024-01-18 11:00:00,2024-01-18 11:22:00,1,1.59,4.95,0.44,0.0,5.390000000000001,Credit Card,Airport,University
TRIP0420,2024-01-18 12:00:00,2024-01-18 12:29:00,3,14.89,46.35,3.55,0.0,49.9,Credit Card,Suburb,Mall
TRIP0421,2024-01-18 13:00:00,2024-01-18 13:46:00,2,18.28,56.9,8.75,0.0,65.65,Credit Card,Airport,Mall
TRIP0422,2024-01-18 14:00:00,2024-01-18 14:35:00,1,17.29,53.82,7.68,0.0,61.5,App Payment,Downtown,University
TRIP0423,2024-01-18 15:00:00,2024-01-18 15:58:00,2,19.33,60.17,8.72,2.5,71.39,Cash,Suburb,Mall
TRIP0424,2024-01-18 16:00:00,2024-01-18 16:07:00,3,15.44,48.06,4.05,0.0,52.11,App Payment,Airport,Airport
TRIP0425,2024-01-18 17:00:00,2024-01-18 17:44:00,2,9.4,29.26,2.48,0.0,31.740000000000002,Cash,Airport,University
TRIP0426,2024-01-18 18:00:00,2024-01-18 18:50:00,2,6.93,21.57,1.79,0.0,23.36,Credit Card,Airport,Airport
TRIP0427,2024-01-18 19:00:00,2024-01-18 19:28:00,3,7.09,22.07,1.68,0.0,23.75,Credit Card,Suburb,Airport
TRIP0428,2024-01-18 20:00:00,2024-01-18 20:54:00,1,14.76,45.95,6.82,0.0,52.77,Cash,University,Suburb
TRIP0429,2024-01-18 21:00:00,2024-01-18 21:36:00,1,15.17,47.22,8.37,2.5,58.089999999999996,Cash,Suburb,University
TRIP0430,2024-01-18 22:00:00,2024-01-18 22:51:00,2,4.81,14.97,2.37,2.5,19.84,App Payment,Mall,Mall
TRIP0431,2024-01-18 23:00:00,2024-01-18 23:26:00,3,17.49,54.45,9.19,0.0,63.64,Credit Card,Suburb,Airport
TRIP0432,2024-01-19 00:00:00,2024-01-19 00:27:00,1,14.58,45.39,5.03,0.0,50.42,Cash,Airport,Suburb
TRIP0433,2024-01-19 01:00:00,2024-01-19 01:06:00,1,11.69,36.39,5.39,5.0,46.78,Cash,Downtown,University
TRIP0434,2024-01-19 02:00:00,2024-01-19 02:31:00,2,9.96,31.0,3.2,0.0,34.2,Cash,Suburb,University
TRIP0435,2024-01-19 03:00:00,2024-01-19 03:46:00,1,11.32,35.24,4.54,0.0,39.78,Cash,Suburb,Downtown
TRIP0436,2024-01-19 04:00:00,2024-01-19 04:06:00,2,4.03,12.55,1.53,2.5,16.58,Cash,Airport,Downtown
TRIP0437,2024-01-19 05:00:00,2024-01-19 05:30:00,3,4.87,15.16,1.16,0.0,16.32,Credit Card,Downtown,Airport
TRIP0438,2024-01-19 06:00:00,2024-01-19 06:21:00,2,2.73,8.5,0.92,0.0,9.42,Cash,Downtown,Downtown
TRIP0439,2024-01-19 07:00:00,2024-01-19 07:44:00,1,3.92,12.2,2.37,0.0,14.57,Cash,Mall,Airport
TRIP0440,2024-01-19 08:00:00,2024-01-19 08:37:00,1,9.62,29.95,2.61,0.0,32.56,App Payment,Suburb,Mall
TRIP0441,2024-01-19 09:00:00,2024-01-19 09:13:00,1,11.08,34.49,2.42,0.0,36.910000000000004,App Payment,Downtown,Airport
TRIP0442,2024-01-19 10:00:00,2024-01-19 10:47:00,1,1.34,4.17,0.47,0.0,4.64,Credit Card,Downtown,Downtown
TRIP0443,2024-01-19 11:00:00,2024-01-19 11:58:00,1,16.14,50.24,8.47,0.0,58.71,Credit Card,University,Mall
TRIP0444,2024-01-19 12:00:00,2024-01-19 12:52:00,1,6.59,20.51,2.82,0.0,23.330000000000002,App Payment,University,Downtown
TRIP0445,2024-01-19 13:00:00,2024-01-19 13:43:00,1,18.32,57.03,8.68,0.0,65.71000000000001,Cash,Downtown,Airport
TRIP0446,2024-01-19 14:00:00,2024-01-19 14:33:00,1,19.38,60.33,4.73,0.0,65.06,App Payment,Mall,Suburb
TRIP0447,2024-01-19 15:00:00,2024-01-19 15:46:00,1,4.52,14.07,2.01,0.0,16.08,Credit Card,Downtown,University
TRIP0448,2024-01-19 16:00:00,2024-01-19 16:59:00,1,9.78,30.44,3.0,0.0,33.44,Cash,Airport,Downtown
TRIP0449,2024-01-19 17:00:00,2024-01-19 17:30:00,1,1.02,3.18,0.56,2.5,6.24,App Payment,Suburb,Airport
TRIP0450,2024-01-19 18:00:00,2024-01-19 18:39:00,2,12.37,38.51,5.56,0.0,44.07,App Payment,Mall,Mall
TRIP0451,2024-01-19 19:00:00,2024-01-19 19:54:00,2,12.54,39.04,3.12,5.0,47.16,Credit Card,Airport,Downtown
TRIP0452,2024-01-19 20:00:00,2024-01-19 20:29:00,1,5.7,17.74,1.06,0.0,18.799999999999997,Cash,Mall,Downtown
TRIP0453,2024-01-19 21:00:00,2024-01-19 21:28:00,3,11.61,36.14,2.04,0.0,38.18,Cash,Airport,University
TRIP0454,2024-01-19 22:00:00,2024-01-19 22:17:00,1,5.29,16.47,1.74,0.0,18.209999999999997,Credit Card,Suburb,Airport
TRIP0455,2024-01-19 23:00:00,2024-01-19 23:11:00,2,4.06,12.64,1.14,2.5,16.28,Cash,Suburb,Suburb
TRIP0456,2024-01-20 00:00:00,2024-01-20 00:40:00,1,13.38,41.65,6.12,0.0,47.769999999999996,Cash,University,Mall
TRIP0457,2024-01-20 01:00:00,2024-01-20 01:49:00,4,7.19,22.38,2.8,0.0,25.18,App Payment,Airport,Airport
TRIP0458,2024-01-20 02:00:00,2024-01-20 02:24:00,2,12.22,38.04,3.42,0.0,41.46,Credit Card,University,Mall
TRIP0459,2024-01-20 03:00:00,2024-01-20 03:05:00,2,9.23,28.73,2.08,0.0,30.810000000000002,Credit Card,Airport,Downtown
TRIP0460,2024-01-20 04:00:00,2024-01-20 04:12:00,2,19.7,61.33,4.24,0.0,65.57,Credit Card,University,University
TRIP0461,2024-01-20 05:00:00,2024-01-20 05:50:00,1,3.84,11.95,2.15,2.5,16.6,Credit Card,Suburb,University
TRIP0462,2024-01-20 06:00:00,2024-01-20 06:20:00,1,9.83,30.6,2.65,0.0,33.25,Credit Card,Mall,Suburb
TRIP0463,2024-01-20 07:00:00,2024-01-20 07:18:00,2,13.93,43.36,6.41,0.0,49.769999999999996,Cash,University,University
TRIP0464,2024-01-20 08:00:00,2024-01-20 08:16:00,1,8.52,26.52,4.55,0.0,31.07,Credit Card,Airport,Downtown
TRIP0465,2024-01-20 09:00:00,2024-01-20 09:55:00,2,19.52,60.76,8.63,0.0,69.39,App Payment,Airport,Suburb
TRIP0466,2024-01-20 10:00:00,2024-01-20 10:27:00,1,14.72,45.82,8.2,0.0,54.019999999999996,App Payment,Suburb,Airport
TRIP0467,2024-01-20 11:00:00,2024-01-20 11:19:00,1,13.48,41.96,4.57,0.0,46.53,Cash,Airport,University
TRIP0468,2024-01-20 12:00:00,2024-01-20 12:32:00,1,15.38,47.88,9.26,0.0,57.14,App Payment,Downtown,Suburb
TRIP0469,2024-01-20 13:00:00,2024-01-20 13:38:00,1,19.1,59.46,4.16,5.0,68.62,Cash,Mall,Downtown
TRIP0470,2024-01-20 14:00:00,2024-01-20 14:06:00,2,18.25,56.81,3.71,0.0,60.52,Cash,University,Mall
TRIP0471,2024-01-20 15:00:00,2024-01-20 15:36:00,1,14.76,45.95,6.84,0.0,52.790000000000006,Credit Card,Mall,Mall
TRIP0472,2024-01-20 16:00:00,2024-01-20 16:27:00,1,15.23,47.41,9.08,0.0,56.489999999999995,Credit Card,Suburb,Downtown
TRIP0473,2024-01-20 17:00:00,2024-01-20 17:26:00,1,3.77,11.74,2.01,5.0,18.75,Cash,University,Downtown
TRIP0474,2024-01-20 18:00:00,2024-01-20 18:55:00,1,2.95,9.18,0.56,0.0,9.74,App Payment,University,Mall
TRIP0475,2024-01-20 19:00:00,2024-01-20 19:29:00,2,11.85,36.89,3.39,0.0,40.28,Credit Card,Downtown,Suburb
TRIP0476,2024-01-20 20:00:00,2024-01-20 20:26:00,1,1.35,4.2,0.8,2.5,7.5,App Payment,Suburb,Mall
TRIP0477,2024-01-20 21:00:00,2024-01-20 21:26:00,1,10.16,31.63,2.78,0.0,34.41,Cash,Airport,Downtown
TRIP0478,2024-01-20 22:00:00,2024-01-20 22:53:00,1,5.0,15.56,2.6,0.0,18.16,Credit Card,Downtown,University
TRIP0479,2024-01-20 23:00:00,2024-01-20 23:56:00,2,7.57,23.56,4.09,0.0,27.65,App Payment,Downtown,Airport
TRIP0480,2024-01-21 00:00:00,2024-01-21 00:46:00,1,15.74,49.0,6.09,2.5,57.59,Cash,Mall,University
TRIP0481,2024-01-21 01:00:00,2024-01-21 01:10:00,3,18.88,58.77,6.34,0.0,65.11,Credit Card,Mall,University
TRIP0482,2024-01-21 02:00:00,2024-01-21 02:19:00,4,2.38,7.41,0.87,0.0,8.28,Cash,Mall,Downtown
TRIP0483,2024-01-21 03:00:00,2024-01-21 03:58:00,1,11.15,34.71,2.92,0.0,37.63,Credit Card,Downtown,Mall
TRIP0484,2024-01-21 04:00:00,2024-01-21 04:47:00,1,17.77,55.32,10.15,0.0,65.47,Cash,Airport,Suburb
TRIP0485,2024-01-21 05:00:00,2024-01-21 05:41:00,1,2.57,8.0,0.94,0.0,8.94,Credit Card,University,University
TRIP0486,2024-01-21 06:00:00,2024-01-21 06:37:00,1,16.67,51.89,9.46,0.0,61.35,Credit Card,Mall,Mall
TRIP0487,2024-01-21 07:00:00,2024-01-21 07:12:00,2,7.8,24.28,1.6,0.0,25.880000000000003,App Payment,Airport,Suburb
TRIP0488,2024-01-21 08:00:00,2024-01-21 08:57:00,3,7.12,22.16,4.39,0.0,26.55,Cash,Suburb,University
TRIP0489,2024-01-21 09:00:00,2024-01-21 09:48:00,1,19.57,60.92,7.1,0.0,68.02,Credit Card,Mall,Suburb
TRIP0490,2024-01-21 10:00:00,2024-01-21 10:48:00,1,4.82,15.0,0.86,0.0,15.86,Credit Card,University,Mall
TRIP0491,2024-01-21 11:00:00,2024-01-21 11:09:00,1,14.17,44.11,2.46,2.5,49.07,App Payment,Suburb,Airport
TRIP0492,2024-01-21 12:00:00,2024-01-21 12:43:00,2,16.61,51.71,8.37,0.0,60.08,Credit Card,Suburb,Mall
TRIP0493,2024-01-21 13:00:00,2024-01-21 13:08:00,1,1.78,5.54,0.82,2.5,8.86,Credit Card,University,Downtown
TRIP0494,2024-01-21 14:00:00,2024-01-21 14:10:00,1,13.74,42.77,7.28,2.5,52.550000000000004,Credit Card,Mall,Suburb
TRIP0495,2024-01-21 15:00:00,2024-01-21 15:49:00,3,19.08,59.39,3.91,0.0,63.3,Credit Card,Downtown,Airport
TRIP0496,2024-01-21 16:00:00,2024-01-21 16:36:00,2,3.36,10.46,0.58,0.0,11.040000000000001,App Payment,University,Suburb
TRIP0497,2024-01-21 17:00:00,2024-01-21 17:56:00,1,18.03,56.13,7.09,0.0,63.22,Cash,University,Suburb
TRIP0498,2024-01-21 18:00:00,2024-01-21 18:34:00,2,12.3,38.29,4.14,0.0,42.43,Credit Card,University,University
TRIP0499,2024-01-21 19:00:00,2024-01-21 19:51:00,2,12.72,39.6,4.72,0.0,44.32,Cash,Suburb,Downtown
